Word,sentiment
ABANDON,hawkish
ABANDONED,hawkish
ABANDONING,hawkish
ABANDONMENT,hawkish
ABANDONMENTS,hawkish
ABANDONS,hawkish
ABDICATED,hawkish
ABDICATES,hawkish
ABDICATING,hawkish
ABDICATION,hawkish
ABDICATIONS,hawkish
ABERRANT,hawkish
ABERRATION,hawkish
ABERRATIONAL,hawkish
ABERRATIONS,hawkish
ABETTING,hawkish
ABEYANCE,hawkish
ABEYANCES,hawkish
ABIDE,hawkish
ABIDING,hawkish
ABNORMAL,hawkish
ABNORMALITIES,hawkish
ABNORMALITY,hawkish
ABNORMALLY,hawkish
ABOLISH,hawkish
ABOLISHED,hawkish
ABOLISHES,hawkish
ABOLISHING,hawkish
ABROGATE,hawkish
ABROGATED,hawkish
ABROGATES,hawkish
ABROGATING,hawkish
ABROGATION,hawkish
ABROGATIONS,hawkish
ABRUPT,hawkish
ABRUPTLY,hawkish
ABRUPTNESS,hawkish
ABSENCE,hawkish
ABSENCES,hawkish
ABSENTEEISM,hawkish
ABUSE,hawkish
ABUSED,hawkish
ABUSES,hawkish
ABUSING,hawkish
ABUSIVE,hawkish
ABUSIVELY,hawkish
ABUSIVENESS,hawkish
ACCIDENT,hawkish
ACCIDENTAL,hawkish
ACCIDENTALLY,hawkish
ACCIDENTS,hawkish
ACCUSATION,hawkish
ACCUSATIONS,hawkish
ACCUSE,hawkish
ACCUSED,hawkish
ACCUSES,hawkish
ACCUSING,hawkish
ACQUIESCE,hawkish
ACQUIESCED,hawkish
ACQUIESCES,hawkish
ACQUIESCING,hawkish
ACQUIT,hawkish
ACQUITS,hawkish
ACQUITTAL,hawkish
ACQUITTALS,hawkish
ACQUITTED,hawkish
ACQUITTING,hawkish
ADULTERATE,hawkish
ADULTERATED,hawkish
ADULTERATING,hawkish
ADULTERATION,hawkish
ADULTERATIONS,hawkish
ADVERSARIAL,hawkish
ADVERSARIES,hawkish
ADVERSARY,hawkish
ADVERSE,hawkish
ADVERSELY,hawkish
ADVERSITIES,hawkish
ADVERSITY,hawkish
AFTERMATH,hawkish
AFTERMATHS,hawkish
AGAINST,hawkish
AGGRAVATE,hawkish
AGGRAVATED,hawkish
AGGRAVATES,hawkish
AGGRAVATING,hawkish
AGGRAVATION,hawkish
AGGRAVATIONS,hawkish
ALERTED,hawkish
ALERTING,hawkish
ALIENATE,hawkish
ALIENATED,hawkish
ALIENATES,hawkish
ALIENATING,hawkish
ALIENATION,hawkish
ALIENATIONS,hawkish
ALLEGATION,hawkish
ALLEGATIONS,hawkish
ALLEGE,hawkish
ALLEGED,hawkish
ALLEGEDLY,hawkish
ALLEGES,hawkish
ALLEGING,hawkish
ALMOST,hawkish
ALTERATION,hawkish
ALTERATIONS,hawkish
AMBIGUITIES,hawkish
AMBIGUITY,hawkish
AMBIGUOUS,hawkish
ANNOY,hawkish
ANNOYANCE,hawkish
ANNOYANCES,hawkish
ANNOYED,hawkish
ANNOYING,hawkish
ANNOYS,hawkish
ANNUL,hawkish
ANNULLED,hawkish
ANNULLING,hawkish
ANNULMENT,hawkish
ANNULMENTS,hawkish
ANNULS,hawkish
ANOMALIES,hawkish
ANOMALOUS,hawkish
ANOMALOUSLY,hawkish
ANOMALY,hawkish
ANTICIPATE,hawkish
ANTICIPATED,hawkish
ANTICIPATES,hawkish
ANTICIPATING,hawkish
ANTICIPATION,hawkish
ANTICIPATIONS,hawkish
ANTICOMPETITIVE,hawkish
ANTITRUST,hawkish
APPARENT,hawkish
APPARENTLY,hawkish
APPEAR,hawkish
APPEARED,hawkish
APPEARING,hawkish
APPEARS,hawkish
APPROXIMATE,hawkish
APPROXIMATED,hawkish
APPROXIMATELY,hawkish
APPROXIMATES,hawkish
APPROXIMATING,hawkish
APPROXIMATION,hawkish
APPROXIMATIONS,hawkish
ARBITRARILY,hawkish
ARBITRARINESS,hawkish
ARBITRARY,hawkish
ARGUE,hawkish
ARGUED,hawkish
ARGUING,hawkish
ARGUMENT,hawkish
ARGUMENTATIVE,hawkish
ARGUMENTS,hawkish
ARREARAGE,hawkish
ARREARAGES,hawkish
ARREARS,hawkish
ARREST,hawkish
ARRESTED,hawkish
ARRESTS,hawkish
ARTIFICIALLY,hawkish
ASSAULT,hawkish
ASSAULTED,hawkish
ASSAULTING,hawkish
ASSAULTS,hawkish
ASSERTIONS,hawkish
ASSUME,hawkish
ASSUMED,hawkish
ASSUMES,hawkish
ASSUMING,hawkish
ASSUMPTION,hawkish
ASSUMPTIONS,hawkish
ATTRITION,hawkish
AVERSELY,hawkish
BACKDATING,hawkish
BAD,hawkish
BAIL,hawkish
BAILOUT,hawkish
BALK,hawkish
BALKED,hawkish
BANKRUPT,hawkish
BANKRUPTCIES,hawkish
BANKRUPTCY,hawkish
BANKRUPTED,hawkish
BANKRUPTING,hawkish
BANKRUPTS,hawkish
BANS,hawkish
BARRED,hawkish
BARRIER,hawkish
BARRIERS,hawkish
BELIEVE,hawkish
BELIEVED,hawkish
BELIEVES,hawkish
BELIEVING,hawkish
BOTTLENECK,hawkish
BOTTLENECKS,hawkish
BOUND,hawkish
BOUNDED,hawkish
BOYCOTT,hawkish
BOYCOTTED,hawkish
BOYCOTTING,hawkish
BOYCOTTS,hawkish
BREACH,hawkish
BREACHED,hawkish
BREACHES,hawkish
BREACHING,hawkish
BREAK,hawkish
BREAKAGE,hawkish
BREAKAGES,hawkish
BREAKDOWN,hawkish
BREAKDOWNS,hawkish
BREAKING,hawkish
BREAKS,hawkish
BRIBE,hawkish
BRIBED,hawkish
BRIBERIES,hawkish
BRIBERY,hawkish
BRIBES,hawkish
BRIBING,hawkish
BRIDGE,hawkish
BROKEN,hawkish
BURDEN,hawkish
BURDENED,hawkish
BURDENING,hawkish
BURDENS,hawkish
BURDENSOME,hawkish
BURNED,hawkish
CALAMITIES,hawkish
CALAMITOUS,hawkish
CALAMITY,hawkish
CANCEL,hawkish
CANCELED,hawkish
CANCELING,hawkish
CANCELLATION,hawkish
CANCELLATIONS,hawkish
CANCELLED,hawkish
CANCELLING,hawkish
CANCELS,hawkish
CARELESS,hawkish
CARELESSLY,hawkish
CARELESSNESS,hawkish
CATASTROPHE,hawkish
CATASTROPHES,hawkish
CATASTROPHIC,hawkish
CATASTROPHICALLY,hawkish
CAUTION,hawkish
CAUTIONARY,hawkish
CAUTIONED,hawkish
CAUTIONING,hawkish
CAUTIONS,hawkish
CAUTIOUS,hawkish
CAUTIOUSLY,hawkish
CAUTIOUSNESS,hawkish
CEASE,hawkish
CEASED,hawkish
CEASES,hawkish
CEASING,hawkish
CENSURE,hawkish
CENSURED,hawkish
CENSURES,hawkish
CENSURING,hawkish
CHALLENGE,hawkish
CHALLENGED,hawkish
CHALLENGES,hawkish
CHALLENGING,hawkish
CHARGEOFFS,hawkish
CIRCUMVENT,hawkish
CIRCUMVENTED,hawkish
CIRCUMVENTING,hawkish
CIRCUMVENTION,hawkish
CIRCUMVENTIONS,hawkish
CIRCUMVENTS,hawkish
CLAIMING,hawkish
CLAIMS,hawkish
CLARIFICATION,hawkish
CLARIFICATIONS,hawkish
CLAWBACK,hawkish
CLOSED,hawkish
CLOSEOUT,hawkish
CLOSEOUTS,hawkish
CLOSING,hawkish
CLOSINGS,hawkish
CLOSURE,hawkish
CLOSURES,hawkish
COERCE,hawkish
COERCED,hawkish
COERCES,hawkish
COERCING,hawkish
COERCION,hawkish
COERCIVE,hawkish
COLLAPSE,hawkish
COLLAPSED,hawkish
COLLAPSES,hawkish
COLLAPSING,hawkish
COLLISION,hawkish
COLLISIONS,hawkish
COLLUDE,hawkish
COLLUDED,hawkish
COLLUDES,hawkish
COLLUDING,hawkish
COLLUSION,hawkish
COLLUSIONS,hawkish
COLLUSIVE,hawkish
COMMIT,hawkish
COMMITMENT,hawkish
COMMITMENTS,hawkish
COMMITS,hawkish
COMMITTED,hawkish
COMMITTING,hawkish
COMPEL,hawkish
COMPELLED,hawkish
COMPELLING,hawkish
COMPELS,hawkish
COMPLAIN,hawkish
COMPLAINED,hawkish
COMPLAINING,hawkish
COMPLAINS,hawkish
COMPLAINT,hawkish
COMPLAINTS,hawkish
COMPLICATE,hawkish
COMPLICATED,hawkish
COMPLICATES,hawkish
COMPLICATING,hawkish
COMPLICATION,hawkish
COMPLICATIONS,hawkish
COMPLY,hawkish
COMPULSION,hawkish
COMPULSORY,hawkish
CONCEALED,hawkish
CONCEALING,hawkish
CONCEDE,hawkish
CONCEDED,hawkish
CONCEDES,hawkish
CONCEDING,hawkish
CONCEIVABLE,hawkish
CONCEIVABLY,hawkish
CONCERN,hawkish
CONCERNED,hawkish
CONCERNS,hawkish
CONCILIATING,hawkish
CONCILIATION,hawkish
CONCILIATIONS,hawkish
CONDEMN,hawkish
CONDEMNATION,hawkish
CONDEMNATIONS,hawkish
CONDEMNED,hawkish
CONDEMNING,hawkish
CONDEMNS,hawkish
CONDITIONAL,hawkish
CONDITIONALLY,hawkish
CONDONE,hawkish
CONDONED,hawkish
CONFESS,hawkish
CONFESSED,hawkish
CONFESSES,hawkish
CONFESSING,hawkish
CONFESSION,hawkish
CONFINE,hawkish
CONFINED,hawkish
CONFINEMENT,hawkish
CONFINEMENTS,hawkish
CONFINES,hawkish
CONFINING,hawkish
CONFISCATE,hawkish
CONFISCATED,hawkish
CONFISCATES,hawkish
CONFISCATING,hawkish
CONFISCATION,hawkish
CONFISCATIONS,hawkish
CONFLICT,hawkish
CONFLICTED,hawkish
CONFLICTING,hawkish
CONFLICTS,hawkish
CONFRONT,hawkish
CONFRONTATION,hawkish
CONFRONTATIONAL,hawkish
CONFRONTATIONS,hawkish
CONFRONTED,hawkish
CONFRONTING,hawkish
CONFRONTS,hawkish
CONFUSE,hawkish
CONFUSED,hawkish
CONFUSES,hawkish
CONFUSING,hawkish
CONFUSINGLY,hawkish
CONFUSION,hawkish
CONSPIRACIES,hawkish
CONSPIRACY,hawkish
CONSPIRATOR,hawkish
CONSPIRATORIAL,hawkish
CONSPIRATORS,hawkish
CONSPIRE,hawkish
CONSPIRED,hawkish
CONSPIRES,hawkish
CONSPIRING,hawkish
CONSTRAIN,hawkish
CONSTRAINED,hawkish
CONSTRAINING,hawkish
CONSTRAINS,hawkish
CONSTRAINT,hawkish
CONSTRAINTS,hawkish
CONTEMPT,hawkish
CONTEND,hawkish
CONTENDED,hawkish
CONTENDING,hawkish
CONTENDS,hawkish
CONTENTION,hawkish
CONTENTIONS,hawkish
CONTENTIOUS,hawkish
CONTENTIOUSLY,hawkish
CONTESTED,hawkish
CONTESTING,hawkish
CONTINGENCIES,hawkish
CONTINGENCY,hawkish
CONTINGENT,hawkish
CONTINGENTLY,hawkish
CONTINGENTS,hawkish
CONTRACTION,hawkish
CONTRACTIONS,hawkish
CONTRADICT,hawkish
CONTRADICTED,hawkish
CONTRADICTING,hawkish
CONTRADICTION,hawkish
CONTRADICTIONS,hawkish
CONTRADICTORY,hawkish
CONTRADICTS,hawkish
CONTRARY,hawkish
CONTROVERSIAL,hawkish
CONTROVERSIES,hawkish
CONTROVERSY,hawkish
CONVICT,hawkish
CONVICTED,hawkish
CONVICTING,hawkish
CONVICTION,hawkish
CONVICTIONS,hawkish
CORRECTED,hawkish
CORRECTING,hawkish
CORRECTION,hawkish
CORRECTIONS,hawkish
CORRECTS,hawkish
CORRUPT,hawkish
CORRUPTED,hawkish
CORRUPTING,hawkish
CORRUPTION,hawkish
CORRUPTIONS,hawkish
CORRUPTLY,hawkish
CORRUPTNESS,hawkish
COSTLY,hawkish
COULD,hawkish
COUNTERCLAIM,hawkish
COUNTERCLAIMED,hawkish
COUNTERCLAIMING,hawkish
COUNTERCLAIMS,hawkish
COUNTERFEIT,hawkish
COUNTERFEITED,hawkish
COUNTERFEITER,hawkish
COUNTERFEITERS,hawkish
COUNTERFEITING,hawkish
COUNTERFEITS,hawkish
COUNTERMEASURE,hawkish
COUNTERMEASURES,hawkish
COVENANT,hawkish
COVENANTED,hawkish
COVENANTING,hawkish
COVENANTS,hawkish
CRIME,hawkish
CRIMES,hawkish
CRIMINAL,hawkish
CRIMINALLY,hawkish
CRIMINALS,hawkish
CRISES,hawkish
CRISIS,hawkish
CRITICAL,hawkish
CRITICALLY,hawkish
CRITICISM,hawkish
CRITICISMS,hawkish
CRITICIZE,hawkish
CRITICIZED,hawkish
CRITICIZES,hawkish
CRITICIZING,hawkish
CROSSROAD,hawkish
CROSSROADS,hawkish
CRUCIAL,hawkish
CRUCIALLY,hawkish
CULPABILITY,hawkish
CULPABLE,hawkish
CULPABLY,hawkish
CUMBERSOME,hawkish
CURTAIL,hawkish
CURTAILED,hawkish
CURTAILING,hawkish
CURTAILMENT,hawkish
CURTAILMENTS,hawkish
CURTAILS,hawkish
CUT,hawkish
CUTBACK,hawkish
CUTBACKS,hawkish
CYBERATTACK,hawkish
CYBERATTACKS,hawkish
CYBERBULLYING,hawkish
CYBERCRIME,hawkish
CYBERCRIMES,hawkish
CYBERCRIMINAL,hawkish
CYBERCRIMINALS,hawkish
DAMAGE,hawkish
DAMAGED,hawkish
DAMAGES,hawkish
DAMAGING,hawkish
DAMPEN,hawkish
DAMPENED,hawkish
DANGER,hawkish
DANGEROUS,hawkish
DANGEROUSLY,hawkish
DANGERS,hawkish
DEADLOCK,hawkish
DEADLOCKED,hawkish
DEADLOCKING,hawkish
DEADLOCKS,hawkish
DEADWEIGHT,hawkish
DEADWEIGHTS,hawkish
DEBARMENT,hawkish
DEBARMENTS,hawkish
DEBARRED,hawkish
DECEASED,hawkish
DECEIT,hawkish
DECEITFUL,hawkish
DECEITFULNESS,hawkish
DECEIVE,hawkish
DECEIVED,hawkish
DECEIVES,hawkish
DECEIVING,hawkish
DECEPTION,hawkish
DECEPTIONS,hawkish
DECEPTIVE,hawkish
DECEPTIVELY,hawkish
DECLINE,hawkish
DECLINED,hawkish
DECLINES,hawkish
DECLINING,hawkish
DEFACE,hawkish
DEFACED,hawkish
DEFACEMENT,hawkish
DEFAMATION,hawkish
DEFAMATIONS,hawkish
DEFAMATORY,hawkish
DEFAME,hawkish
DEFAMED,hawkish
DEFAMES,hawkish
DEFAMING,hawkish
DEFAULT,hawkish
DEFAULTED,hawkish
DEFAULTING,hawkish
DEFAULTS,hawkish
DEFEAT,hawkish
DEFEATED,hawkish
DEFEATING,hawkish
DEFEATS,hawkish
DEFECT,hawkish
DEFECTIVE,hawkish
DEFECTS,hawkish
DEFEND,hawkish
DEFENDANT,hawkish
DEFENDANTS,hawkish
DEFENDED,hawkish
DEFENDING,hawkish
DEFENDS,hawkish
DEFENSIVE,hawkish
DEFER,hawkish
DEFICIENCIES,hawkish
DEFICIENCY,hawkish
DEFICIENT,hawkish
DEFICIT,hawkish
DEFICITS,hawkish
DEFRAUD,hawkish
DEFRAUDED,hawkish
DEFRAUDING,hawkish
DEFRAUDS,hawkish
DEFUNCT,hawkish
DEGRADATION,hawkish
DEGRADATIONS,hawkish
DEGRADE,hawkish
DEGRADED,hawkish
DEGRADES,hawkish
DEGRADING,hawkish
DELAY,hawkish
DELAYED,hawkish
DELAYING,hawkish
DELAYS,hawkish
DELETERIOUS,hawkish
DELIBERATE,hawkish
DELIBERATED,hawkish
DELIBERATELY,hawkish
DELINQUENCIES,hawkish
DELINQUENCY,hawkish
DELINQUENT,hawkish
DELINQUENTLY,hawkish
DELINQUENTS,hawkish
DELIST,hawkish
DELISTED,hawkish
DELISTING,hawkish
DELISTS,hawkish
DEMISE,hawkish
DEMISED,hawkish
DEMISES,hawkish
DEMISING,hawkish
DEMOLISH,hawkish
DEMOLISHED,hawkish
DEMOLISHES,hawkish
DEMOLISHING,hawkish
DEMOLITION,hawkish
DEMOLITIONS,hawkish
DEMOTE,hawkish
DEMOTED,hawkish
DEMOTES,hawkish
DEMOTING,hawkish
DEMOTION,hawkish
DEMOTIONS,hawkish
DENIAL,hawkish
DENIALS,hawkish
DENIED,hawkish
DENIES,hawkish
DENIGRATE,hawkish
DENIGRATED,hawkish
DENIGRATES,hawkish
DENIGRATING,hawkish
DENIGRATION,hawkish
DENY,hawkish
DENYING,hawkish
DEPEND,hawkish
DEPENDANCE,hawkish
DEPENDANCES,hawkish
DEPENDANT,hawkish
DEPENDED,hawkish
DEPENDENCE,hawkish
DEPENDENCIES,hawkish
DEPENDENCY,hawkish
DEPENDENT,hawkish
DEPENDING,hawkish
DEPENDS,hawkish
DEPLETE,hawkish
DEPLETED,hawkish
DEPLETES,hawkish
DEPLETING,hawkish
DEPLETION,hawkish
DEPLETIONS,hawkish
DEPRECATION,hawkish
DEPRESS,hawkish
DEPRESSED,hawkish
DEPRESSES,hawkish
DEPRESSING,hawkish
DEPRIVATION,hawkish
DEPRIVE,hawkish
DEPRIVED,hawkish
DEPRIVES,hawkish
DEPRIVING,hawkish
DERELICT,hawkish
DERELICTION,hawkish
DEROGATORY,hawkish
DESTABILIZATION,hawkish
DESTABILIZE,hawkish
DESTABILIZED,hawkish
DESTABILIZING,hawkish
DESTROY,hawkish
DESTROYED,hawkish
DESTROYING,hawkish
DESTROYS,hawkish
DESTRUCTION,hawkish
DESTRUCTIVE,hawkish
DETAIN,hawkish
DETAINED,hawkish
DETENTION,hawkish
DETENTIONS,hawkish
DETER,hawkish
DETERIORATE,hawkish
DETERIORATED,hawkish
DETERIORATES,hawkish
DETERIORATING,hawkish
DETERIORATION,hawkish
DETERIORATIONS,hawkish
DETERRED,hawkish
DETERRENCE,hawkish
DETERRENCES,hawkish
DETERRENT,hawkish
DETERRENTS,hawkish
DETERRING,hawkish
DETERS,hawkish
DETRACT,hawkish
DETRACTED,hawkish
DETRACTING,hawkish
DETRIMENT,hawkish
DETRIMENTAL,hawkish
DETRIMENTALLY,hawkish
DETRIMENTS,hawkish
DEVALUE,hawkish
DEVALUED,hawkish
DEVALUES,hawkish
DEVALUING,hawkish
DEVASTATE,hawkish
DEVASTATED,hawkish
DEVASTATING,hawkish
DEVASTATION,hawkish
DEVIATE,hawkish
DEVIATED,hawkish
DEVIATES,hawkish
DEVIATING,hawkish
DEVIATION,hawkish
DEVIATIONS,hawkish
DEVOLVE,hawkish
DEVOLVED,hawkish
DEVOLVES,hawkish
DEVOLVING,hawkish
DICTATE,hawkish
DICTATED,hawkish
DICTATES,hawkish
DICTATING,hawkish
DIFFER,hawkish
DIFFERED,hawkish
DIFFERING,hawkish
DIFFERS,hawkish
DIFFICULT,hawkish
DIFFICULTIES,hawkish
DIFFICULTLY,hawkish
DIFFICULTY,hawkish
DIMINISH,hawkish
DIMINISHED,hawkish
DIMINISHES,hawkish
DIMINISHING,hawkish
DIMINUTION,hawkish
DIRECTIVE,hawkish
DIRECTIVES,hawkish
DISADVANTAGE,hawkish
DISADVANTAGED,hawkish
DISADVANTAGEOUS,hawkish
DISADVANTAGES,hawkish
DISAFFILIATION,hawkish
DISAGREE,hawkish
DISAGREEABLE,hawkish
DISAGREED,hawkish
DISAGREEING,hawkish
DISAGREEMENT,hawkish
DISAGREEMENTS,hawkish
DISAGREES,hawkish
DISALLOW,hawkish
DISALLOWANCE,hawkish
DISALLOWANCES,hawkish
DISALLOWED,hawkish
DISALLOWING,hawkish
DISALLOWS,hawkish
DISAPPEAR,hawkish
DISAPPEARANCE,hawkish
DISAPPEARANCES,hawkish
DISAPPEARED,hawkish
DISAPPEARING,hawkish
DISAPPEARS,hawkish
DISAPPOINT,hawkish
DISAPPOINTED,hawkish
DISAPPOINTING,hawkish
DISAPPOINTINGLY,hawkish
DISAPPOINTMENT,hawkish
DISAPPOINTMENTS,hawkish
DISAPPOINTS,hawkish
DISAPPROVAL,hawkish
DISAPPROVALS,hawkish
DISAPPROVE,hawkish
DISAPPROVED,hawkish
DISAPPROVES,hawkish
DISAPPROVING,hawkish
DISASSOCIATES,hawkish
DISASSOCIATING,hawkish
DISASSOCIATION,hawkish
DISASSOCIATIONS,hawkish
DISASTER,hawkish
DISASTERS,hawkish
DISASTROUS,hawkish
DISASTROUSLY,hawkish
DISAVOW,hawkish
DISAVOWAL,hawkish
DISAVOWED,hawkish
DISAVOWING,hawkish
DISAVOWS,hawkish
DISCIPLINARY,hawkish
DISCLAIM,hawkish
DISCLAIMED,hawkish
DISCLAIMER,hawkish
DISCLAIMERS,hawkish
DISCLAIMING,hawkish
DISCLAIMS,hawkish
DISCLOSE,hawkish
DISCLOSED,hawkish
DISCLOSES,hawkish
DISCLOSING,hawkish
DISCONTINUANCE,hawkish
DISCONTINUANCES,hawkish
DISCONTINUATION,hawkish
DISCONTINUATIONS,hawkish
DISCONTINUE,hawkish
DISCONTINUED,hawkish
DISCONTINUES,hawkish
DISCONTINUING,hawkish
DISCOURAGE,hawkish
DISCOURAGED,hawkish
DISCOURAGES,hawkish
DISCOURAGING,hawkish
DISCREDIT,hawkish
DISCREDITED,hawkish
DISCREDITING,hawkish
DISCREDITS,hawkish
DISCREPANCIES,hawkish
DISCREPANCY,hawkish
DISFAVOR,hawkish
DISFAVORED,hawkish
DISFAVORING,hawkish
DISFAVORS,hawkish
DISGORGE,hawkish
DISGORGED,hawkish
DISGORGEMENT,hawkish
DISGORGEMENTS,hawkish
DISGORGES,hawkish
DISGORGING,hawkish
DISGRACE,hawkish
DISGRACEFUL,hawkish
DISGRACEFULLY,hawkish
DISHONEST,hawkish
DISHONESTLY,hawkish
DISHONESTY,hawkish
DISHONOR,hawkish
DISHONORABLE,hawkish
DISHONORABLY,hawkish
DISHONORED,hawkish
DISHONORING,hawkish
DISHONORS,hawkish
DISINCENTIVES,hawkish
DISINTERESTED,hawkish
DISINTERESTEDLY,hawkish
DISINTERESTEDNESS,hawkish
DISLOYAL,hawkish
DISLOYALLY,hawkish
DISLOYALTY,hawkish
DISMAL,hawkish
DISMALLY,hawkish
DISMISS,hawkish
DISMISSAL,hawkish
DISMISSALS,hawkish
DISMISSED,hawkish
DISMISSES,hawkish
DISMISSING,hawkish
DISORDERLY,hawkish
DISPARAGE,hawkish
DISPARAGED,hawkish
DISPARAGEMENT,hawkish
DISPARAGEMENTS,hawkish
DISPARAGES,hawkish
DISPARAGING,hawkish
DISPARAGINGLY,hawkish
DISPARITIES,hawkish
DISPARITY,hawkish
DISPLACE,hawkish
DISPLACED,hawkish
DISPLACEMENT,hawkish
DISPLACEMENTS,hawkish
DISPLACES,hawkish
DISPLACING,hawkish
DISPOSE,hawkish
DISPOSSESS,hawkish
DISPOSSESSED,hawkish
DISPOSSESSES,hawkish
DISPOSSESSING,hawkish
DISPROPORTION,hawkish
DISPROPORTIONAL,hawkish
DISPROPORTIONATE,hawkish
DISPROPORTIONATELY,hawkish
DISPUTE,hawkish
DISPUTED,hawkish
DISPUTES,hawkish
DISPUTING,hawkish
DISQUALIFICATION,hawkish
DISQUALIFICATIONS,hawkish
DISQUALIFIED,hawkish
DISQUALIFIES,hawkish
DISQUALIFY,hawkish
DISQUALIFYING,hawkish
DISREGARD,hawkish
DISREGARDED,hawkish
DISREGARDING,hawkish
DISREGARDS,hawkish
DISREPUTABLE,hawkish
DISREPUTE,hawkish
DISRUPT,hawkish
DISRUPTED,hawkish
DISRUPTING,hawkish
DISRUPTION,hawkish
DISRUPTIONS,hawkish
DISRUPTIVE,hawkish
DISRUPTS,hawkish
DISSATISFACTION,hawkish
DISSATISFIED,hawkish
DISSENT,hawkish
DISSENTED,hawkish
DISSENTER,hawkish
DISSENTERS,hawkish
DISSENTING,hawkish
DISSENTS,hawkish
DISSIDENT,hawkish
DISSIDENTS,hawkish
DISSOLUTION,hawkish
DISSOLUTIONS,hawkish
DISTORT,hawkish
DISTORTED,hawkish
DISTORTING,hawkish
DISTORTION,hawkish
DISTORTIONS,hawkish
DISTORTS,hawkish
DISTRACT,hawkish
DISTRACTED,hawkish
DISTRACTING,hawkish
DISTRACTION,hawkish
DISTRACTIONS,hawkish
DISTRACTS,hawkish
DISTRESS,hawkish
DISTRESSED,hawkish
DISTURB,hawkish
DISTURBANCE,hawkish
DISTURBANCES,hawkish
DISTURBED,hawkish
DISTURBING,hawkish
DISTURBS,hawkish
DIVERSION,hawkish
DIVERT,hawkish
DIVERTED,hawkish
DIVERTING,hawkish
DIVERTS,hawkish
DIVEST,hawkish
DIVESTED,hawkish
DIVESTING,hawkish
DIVESTITURE,hawkish
DIVESTITURES,hawkish
DIVESTMENT,hawkish
DIVESTMENTS,hawkish
DIVESTS,hawkish
DIVORCE,hawkish
DIVORCED,hawkish
DIVULGE,hawkish
DIVULGED,hawkish
DIVULGES,hawkish
DIVULGING,hawkish
DOUBT,hawkish
DOUBTED,hawkish
DOUBTFUL,hawkish
DOUBTS,hawkish
DOWNGRADE,hawkish
DOWNGRADED,hawkish
DOWNGRADES,hawkish
DOWNGRADING,hawkish
DOWNSIZE,hawkish
DOWNSIZED,hawkish
DOWNSIZES,hawkish
DOWNSIZING,hawkish
DOWNSIZINGS,hawkish
DOWNTIME,hawkish
DOWNTIMES,hawkish
DOWNTURN,hawkish
DOWNTURNS,hawkish
DOWNWARD,hawkish
DOWNWARDS,hawkish
DRAG,hawkish
DRASTIC,hawkish
DRASTICALLY,hawkish
DRAWBACK,hawkish
DRAWBACKS,hawkish
DROPPED,hawkish
DROUGHT,hawkish
DROUGHTS,hawkish
DURESS,hawkish
DYSFUNCTION,hawkish
DYSFUNCTIONAL,hawkish
DYSFUNCTIONS,hawkish
EARMARK,hawkish
EARMARKED,hawkish
EARMARKING,hawkish
EARMARKS,hawkish
EASING,hawkish
EGREGIOUS,hawkish
EGREGIOUSLY,hawkish
EMBARGO,hawkish
EMBARGOED,hawkish
EMBARGOES,hawkish
EMBARGOING,hawkish
EMBARRASS,hawkish
EMBARRASSED,hawkish
EMBARRASSES,hawkish
EMBARRASSING,hawkish
EMBARRASSMENT,hawkish
EMBARRASSMENTS,hawkish
EMBEZZLE,hawkish
EMBEZZLED,hawkish
EMBEZZLEMENT,hawkish
EMBEZZLEMENTS,hawkish
EMBEZZLER,hawkish
EMBEZZLES,hawkish
EMBEZZLING,hawkish
ENCROACH,hawkish
ENCROACHED,hawkish
ENCROACHES,hawkish
ENCROACHING,hawkish
ENCROACHMENT,hawkish
ENCROACHMENTS,hawkish
ENCUMBER,hawkish
ENCUMBERED,hawkish
ENCUMBERING,hawkish
ENCUMBERS,hawkish
ENCUMBRANCE,hawkish
ENCUMBRANCES,hawkish
ENDANGER,hawkish
ENDANGERED,hawkish
ENDANGERING,hawkish
ENDANGERMENT,hawkish
ENDANGERS,hawkish
ENJOIN,hawkish
ENJOINED,hawkish
ENJOINING,hawkish
ENJOINS,hawkish
ENTAIL,hawkish
ENTAILED,hawkish
ENTAILING,hawkish
ENTAILS,hawkish
ENTRENCH,hawkish
ENTRENCHED,hawkish
ERODE,hawkish
ERODED,hawkish
ERODES,hawkish
ERODING,hawkish
EROSION,hawkish
ERRATIC,hawkish
ERRATICALLY,hawkish
ERRED,hawkish
ERRING,hawkish
ERRONEOUS,hawkish
ERRONEOUSLY,hawkish
ERROR,hawkish
ERRORS,hawkish
ERRS,hawkish
ESCALATE,hawkish
ESCALATED,hawkish
ESCALATES,hawkish
ESCALATING,hawkish
ESCROW,hawkish
ESCROWED,hawkish
ESCROWS,hawkish
EVADE,hawkish
EVADED,hawkish
EVADES,hawkish
EVADING,hawkish
EVASION,hawkish
EVASIONS,hawkish
EVASIVE,hawkish
EVICT,hawkish
EVICTED,hawkish
EVICTING,hawkish
EVICTION,hawkish
EVICTIONS,hawkish
EVICTS,hawkish
EXACERBATE,hawkish
EXACERBATED,hawkish
EXACERBATES,hawkish
EXACERBATING,hawkish
EXACERBATION,hawkish
EXACERBATIONS,hawkish
EXAGGERATE,hawkish
EXAGGERATED,hawkish
EXAGGERATES,hawkish
EXAGGERATING,hawkish
EXAGGERATION,hawkish
EXCESSIVE,hawkish
EXCESSIVELY,hawkish
EXCULPATE,hawkish
EXCULPATED,hawkish
EXCULPATES,hawkish
EXCULPATING,hawkish
EXCULPATION,hawkish
EXCULPATIONS,hawkish
EXCULPATORY,hawkish
EXONERATE,hawkish
EXONERATED,hawkish
EXONERATES,hawkish
EXONERATING,hawkish
EXONERATION,hawkish
EXONERATIONS,hawkish
EXPLOIT,hawkish
EXPLOITATION,hawkish
EXPLOITATIONS,hawkish
EXPLOITATIVE,hawkish
EXPLOITED,hawkish
EXPLOITING,hawkish
EXPLOITS,hawkish
EXPOSE,hawkish
EXPOSED,hawkish
EXPOSES,hawkish
EXPOSING,hawkish
EXPOSURE,hawkish
EXPOSURES,hawkish
EXPROPRIATE,hawkish
EXPROPRIATED,hawkish
EXPROPRIATES,hawkish
EXPROPRIATING,hawkish
EXPROPRIATION,hawkish
EXPROPRIATIONS,hawkish
EXPULSION,hawkish
EXPULSIONS,hawkish
EXTENUATING,hawkish
FAIL,hawkish
FAILED,hawkish
FAILING,hawkish
FAILINGS,hawkish
FAILS,hawkish
FAILURE,hawkish
FAILURES,hawkish
FALLOUT,hawkish
FALSE,hawkish
FALSELY,hawkish
FALSIFICATION,hawkish
FALSIFICATIONS,hawkish
FALSIFIED,hawkish
FALSIFIES,hawkish
FALSIFY,hawkish
FALSIFYING,hawkish
FALSITY,hawkish
FATALITIES,hawkish
FATALITY,hawkish
FATALLY,hawkish
FAULT,hawkish
FAULTED,hawkish
FAULTS,hawkish
FAULTY,hawkish
FEAR,hawkish
FEARS,hawkish
FELONIES,hawkish
FELONIOUS,hawkish
FELONY,hawkish
FICTITIOUS,hawkish
FINED,hawkish
FINES,hawkish
FIRED,hawkish
FIRING,hawkish
FLAW,hawkish
FLAWED,hawkish
FLAWS,hawkish
FLUCTUATE,hawkish
FLUCTUATED,hawkish
FLUCTUATES,hawkish
FLUCTUATING,hawkish
FLUCTUATION,hawkish
FLUCTUATIONS,hawkish
FORBADE,hawkish
FORBID,hawkish
FORBIDDEN,hawkish
FORBIDDING,hawkish
FORBIDS,hawkish
FORCE,hawkish
FORCED,hawkish
FORCING,hawkish
FORECLOSE,hawkish
FORECLOSED,hawkish
FORECLOSES,hawkish
FORECLOSING,hawkish
FORECLOSURE,hawkish
FORECLOSURES,hawkish
FOREGO,hawkish
FOREGOES,hawkish
FOREGONE,hawkish
FORESTALL,hawkish
FORESTALLED,hawkish
FORESTALLING,hawkish
FORESTALLS,hawkish
FORFEIT,hawkish
FORFEITED,hawkish
FORFEITING,hawkish
FORFEITS,hawkish
FORFEITURE,hawkish
FORFEITURES,hawkish
FORGERS,hawkish
FORGERY,hawkish
FRAUD,hawkish
FRAUDS,hawkish
FRAUDULENCE,hawkish
FRAUDULENT,hawkish
FRAUDULENTLY,hawkish
FRIVOLOUS,hawkish
FRIVOLOUSLY,hawkish
FRUSTRATE,hawkish
FRUSTRATED,hawkish
FRUSTRATES,hawkish
FRUSTRATING,hawkish
FRUSTRATINGLY,hawkish
FRUSTRATION,hawkish
FRUSTRATIONS,hawkish
FUGITIVE,hawkish
FUGITIVES,hawkish
GRATUITOUS,hawkish
GRATUITOUSLY,hawkish
GRIEVANCE,hawkish
GRIEVANCES,hawkish
GROSSLY,hawkish
GROUNDLESS,hawkish
GUILTY,hawkish
HALT,hawkish
HALTED,hawkish
HAMPER,hawkish
HAMPERED,hawkish
HAMPERING,hawkish
HAMPERS,hawkish
HARASS,hawkish
HARASSED,hawkish
HARASSING,hawkish
HARASSMENT,hawkish
HARDSHIP,hawkish
HARDSHIPS,hawkish
HARM,hawkish
HARMED,hawkish
HARMFUL,hawkish
HARMFULLY,hawkish
HARMING,hawkish
HARMS,hawkish
HARSH,hawkish
HARSHER,hawkish
HARSHEST,hawkish
HARSHLY,hawkish
HARSHNESS,hawkish
HAZARD,hawkish
HAZARDOUS,hawkish
HAZARDS,hawkish
HIDDEN,hawkish
HINDER,hawkish
HINDERED,hawkish
HINDERING,hawkish
HINDERS,hawkish
HINDRANCE,hawkish
HINDRANCES,hawkish
HINGES,hawkish
HOSTILE,hawkish
HOSTILITY,hawkish
HURT,hawkish
HURTING,hawkish
IDLE,hawkish
IDLED,hawkish
IDLING,hawkish
IGNORE,hawkish
IGNORED,hawkish
IGNORES,hawkish
IGNORING,hawkish
ILL,hawkish
ILLEGAL,hawkish
ILLEGALITIES,hawkish
ILLEGALITY,hawkish
ILLEGALLY,hawkish
ILLEGIBLE,hawkish
ILLICIT,hawkish
ILLICITLY,hawkish
ILLIQUID,hawkish
ILLIQUIDITY,hawkish
IMBALANCE,hawkish
IMBALANCES,hawkish
IMMATURE,hawkish
IMMORAL,hawkish
IMPAIR,hawkish
IMPAIRED,hawkish
IMPAIRING,hawkish
IMPAIRMENT,hawkish
IMPAIRMENTS,hawkish
IMPAIRS,hawkish
IMPASSE,hawkish
IMPASSES,hawkish
IMPEDE,hawkish
IMPEDED,hawkish
IMPEDES,hawkish
IMPEDIMENT,hawkish
IMPEDIMENTS,hawkish
IMPEDING,hawkish
IMPENDING,hawkish
IMPERATIVE,hawkish
IMPERFECTION,hawkish
IMPERFECTIONS,hawkish
IMPERIL,hawkish
IMPERMISSIBLE,hawkish
IMPLICATE,hawkish
IMPLICATED,hawkish
IMPLICATES,hawkish
IMPLICATING,hawkish
IMPOSE,hawkish
IMPOSED,hawkish
IMPOSES,hawkish
IMPOSING,hawkish
IMPOSITION,hawkish
IMPOSITIONS,hawkish
IMPOSSIBILITY,hawkish
IMPOSSIBLE,hawkish
IMPOUND,hawkish
IMPOUNDED,hawkish
IMPOUNDING,hawkish
IMPOUNDS,hawkish
IMPRACTICABLE,hawkish
IMPRACTICAL,hawkish
IMPRACTICALITIES,hawkish
IMPRACTICALITY,hawkish
IMPRECISE,hawkish
IMPRECISION,hawkish
IMPRECISIONS,hawkish
IMPRISONMENT,hawkish
IMPROBABILITY,hawkish
IMPROBABLE,hawkish
IMPROPER,hawkish
IMPROPERLY,hawkish
IMPROPRIETIES,hawkish
IMPROPRIETY,hawkish
IMPRUDENT,hawkish
IMPRUDENTLY,hawkish
INABILITY,hawkish
INACCESSIBLE,hawkish
INACCURACIES,hawkish
INACCURACY,hawkish
INACCURATE,hawkish
INACCURATELY,hawkish
INACTION,hawkish
INACTIONS,hawkish
INACTIVATE,hawkish
INACTIVATED,hawkish
INACTIVATES,hawkish
INACTIVATING,hawkish
INACTIVATION,hawkish
INACTIVATIONS,hawkish
INACTIVITY,hawkish
INADEQUACIES,hawkish
INADEQUACY,hawkish
INADEQUATE,hawkish
INADEQUATELY,hawkish
INADVERTENT,hawkish
INADVERTENTLY,hawkish
INADVISABILITY,hawkish
INADVISABLE,hawkish
INAPPROPRIATE,hawkish
INAPPROPRIATELY,hawkish
INATTENTION,hawkish
INCAPABLE,hawkish
INCAPACITATED,hawkish
INCAPACITY,hawkish
INCARCERATE,hawkish
INCARCERATED,hawkish
INCARCERATES,hawkish
INCARCERATING,hawkish
INCARCERATION,hawkish
INCARCERATIONS,hawkish
INCIDENCE,hawkish
INCIDENCES,hawkish
INCIDENT,hawkish
INCIDENTS,hawkish
INCOMPATIBILITIES,hawkish
INCOMPATIBILITY,hawkish
INCOMPATIBLE,hawkish
INCOMPETENCE,hawkish
INCOMPETENCY,hawkish
INCOMPETENT,hawkish
INCOMPETENTLY,hawkish
INCOMPETENTS,hawkish
INCOMPLETE,hawkish
INCOMPLETELY,hawkish
INCOMPLETENESS,hawkish
INCONCLUSIVE,hawkish
INCONSISTENCIES,hawkish
INCONSISTENCY,hawkish
INCONSISTENT,hawkish
INCONSISTENTLY,hawkish
INCONVENIENCE,hawkish
INCONVENIENCES,hawkish
INCONVENIENT,hawkish
INCORRECT,hawkish
INCORRECTLY,hawkish
INCORRECTNESS,hawkish
INDEBTED,hawkish
INDECENCY,hawkish
INDECENT,hawkish
INDEFEASIBLE,hawkish
INDEFEASIBLY,hawkish
INDEFINITE,hawkish
INDEFINITELY,hawkish
INDEFINITENESS,hawkish
INDETERMINABLE,hawkish
INDETERMINATE,hawkish
INDICT,hawkish
INDICTABLE,hawkish
INDICTED,hawkish
INDICTING,hawkish
INDICTMENT,hawkish
INDICTMENTS,hawkish
INEFFECTIVE,hawkish
INEFFECTIVELY,hawkish
INEFFECTIVENESS,hawkish
INEFFICIENCIES,hawkish
INEFFICIENCY,hawkish
INEFFICIENT,hawkish
INEFFICIENTLY,hawkish
INELIGIBILITY,hawkish
INELIGIBLE,hawkish
INEQUITABLE,hawkish
INEQUITABLY,hawkish
INEQUITIES,hawkish
INEQUITY,hawkish
INEVITABLE,hawkish
INEXACT,hawkish
INEXACTNESS,hawkish
INEXPERIENCE,hawkish
INEXPERIENCED,hawkish
INFERIOR,hawkish
INFLICTED,hawkish
INFRACTION,hawkish
INFRACTIONS,hawkish
INFRINGE,hawkish
INFRINGED,hawkish
INFRINGEMENT,hawkish
INFRINGEMENTS,hawkish
INFRINGES,hawkish
INFRINGING,hawkish
INHIBIT,hawkish
INHIBITED,hawkish
INHIBITING,hawkish
INHIBITS,hawkish
INIMICAL,hawkish
INJUNCTION,hawkish
INJUNCTIONS,hawkish
INJURE,hawkish
INJURED,hawkish
INJURES,hawkish
INJURIES,hawkish
INJURING,hawkish
INJURIOUS,hawkish
INJURY,hawkish
INORDINATE,hawkish
INORDINATELY,hawkish
INQUIRY,hawkish
INSECURE,hawkish
INSENSITIVE,hawkish
INSIST,hawkish
INSISTED,hawkish
INSISTENCE,hawkish
INSISTING,hawkish
INSISTS,hawkish
INSOLVENCIES,hawkish
INSOLVENCY,hawkish
INSOLVENT,hawkish
INSTABILITIES,hawkish
INSTABILITY,hawkish
INSUBORDINATION,hawkish
INSUFFICIENCY,hawkish
INSUFFICIENT,hawkish
INSUFFICIENTLY,hawkish
INSURRECTION,hawkish
INSURRECTIONS,hawkish
INTANGIBLE,hawkish
INTANGIBLES,hawkish
INTENTIONAL,hawkish
INTERFERE,hawkish
INTERFERED,hawkish
INTERFERENCE,hawkish
INTERFERENCES,hawkish
INTERFERES,hawkish
INTERFERING,hawkish
INTERMITTENT,hawkish
INTERMITTENTLY,hawkish
INTERRUPT,hawkish
INTERRUPTED,hawkish
INTERRUPTING,hawkish
INTERRUPTION,hawkish
INTERRUPTIONS,hawkish
INTERRUPTS,hawkish
INTIMIDATION,hawkish
INTRUSION,hawkish
INVALID,hawkish
INVALIDATE,hawkish
INVALIDATED,hawkish
INVALIDATES,hawkish
INVALIDATING,hawkish
INVALIDATION,hawkish
INVALIDITY,hawkish
INVESTIGATE,hawkish
INVESTIGATED,hawkish
INVESTIGATES,hawkish
INVESTIGATING,hawkish
INVESTIGATION,hawkish
INVESTIGATIONS,hawkish
INVOLUNTARILY,hawkish
INVOLUNTARY,hawkish
IRRECONCILABLE,hawkish
IRRECONCILABLY,hawkish
IRRECOVERABLE,hawkish
IRRECOVERABLY,hawkish
IRREGULAR,hawkish
IRREGULARITIES,hawkish
IRREGULARITY,hawkish
IRREGULARLY,hawkish
IRREPARABLE,hawkish
IRREPARABLY,hawkish
IRREVERSIBLE,hawkish
IRREVOCABLE,hawkish
IRREVOCABLY,hawkish
JEOPARDIZE,hawkish
JEOPARDIZED,hawkish
JUSTIFIABLE,hawkish
KICKBACK,hawkish
KICKBACKS,hawkish
KNOWINGLY,hawkish
LACK,hawkish
LACKED,hawkish
LACKING,hawkish
LACKLUSTER,hawkish
LACKS,hawkish
LAG,hawkish
LAGGED,hawkish
LAGGING,hawkish
LAGS,hawkish
LAPSE,hawkish
LAPSED,hawkish
LAPSES,hawkish
LAPSING,hawkish
LATE,hawkish
LAUNDERING,hawkish
LAYOFF,hawkish
LAYOFFS,hawkish
LIE,hawkish
LIKELIHOOD,hawkish
LIMIT,hawkish
LIMITATION,hawkish
LIMITATIONS,hawkish
LIMITING,hawkish
LIMITS,hawkish
LINGERING,hawkish
LIQUIDATE,hawkish
LIQUIDATED,hawkish
LIQUIDATES,hawkish
LIQUIDATING,hawkish
LIQUIDATION,hawkish
LIQUIDATIONS,hawkish
LIQUIDATOR,hawkish
LIQUIDATORS,hawkish
LITIGANT,hawkish
LITIGANTS,hawkish
LITIGATE,hawkish
LITIGATED,hawkish
LITIGATES,hawkish
LITIGATING,hawkish
LITIGATION,hawkish
LITIGATIONS,hawkish
LOCKOUT,hawkish
LOCKOUTS,hawkish
LOSE,hawkish
LOSES,hawkish
LOSING,hawkish
LOSS,hawkish
LOSSES,hawkish
LOST,hawkish
LYING,hawkish
MALFEASANCE,hawkish
MALFUNCTION,hawkish
MALFUNCTIONED,hawkish
MALFUNCTIONING,hawkish
MALFUNCTIONS,hawkish
MALICE,hawkish
MALICIOUS,hawkish
MALICIOUSLY,hawkish
MALPRACTICE,hawkish
MANDATE,hawkish
MANDATED,hawkish
MANDATES,hawkish
MANDATING,hawkish
MANDATORY,hawkish
MANDITORILY,hawkish
MANIPULATE,hawkish
MANIPULATED,hawkish
MANIPULATES,hawkish
MANIPULATING,hawkish
MANIPULATION,hawkish
MANIPULATIONS,hawkish
MANIPULATIVE,hawkish
MARKDOWN,hawkish
MARKDOWNS,hawkish
MAY,hawkish
MAYBE,hawkish
MIGHT,hawkish
MISAPPLICATION,hawkish
MISAPPLICATIONS,hawkish
MISAPPLIED,hawkish
MISAPPLIES,hawkish
MISAPPLY,hawkish
MISAPPLYING,hawkish
MISAPPROPRIATE,hawkish
MISAPPROPRIATED,hawkish
MISAPPROPRIATES,hawkish
MISAPPROPRIATING,hawkish
MISAPPROPRIATION,hawkish
MISAPPROPRIATIONS,hawkish
MISBRANDED,hawkish
MISCALCULATE,hawkish
MISCALCULATED,hawkish
MISCALCULATES,hawkish
MISCALCULATING,hawkish
MISCALCULATION,hawkish
MISCALCULATIONS,hawkish
MISCHARACTERIZATION,hawkish
MISCHIEF,hawkish
MISCLASSIFICATION,hawkish
MISCLASSIFICATIONS,hawkish
MISCLASSIFIED,hawkish
MISCLASSIFY,hawkish
MISCOMMUNICATION,hawkish
MISCONDUCT,hawkish
MISDATED,hawkish
MISDEMEANOR,hawkish
MISDEMEANORS,hawkish
MISDIRECTED,hawkish
MISHANDLE,hawkish
MISHANDLED,hawkish
MISHANDLES,hawkish
MISHANDLING,hawkish
MISINFORM,hawkish
MISINFORMATION,hawkish
MISINFORMED,hawkish
MISINFORMING,hawkish
MISINFORMS,hawkish
MISINTERPRET,hawkish
MISINTERPRETATION,hawkish
MISINTERPRETATIONS,hawkish
MISINTERPRETED,hawkish
MISINTERPRETING,hawkish
MISINTERPRETS,hawkish
MISJUDGE,hawkish
MISJUDGED,hawkish
MISJUDGES,hawkish
MISJUDGING,hawkish
MISJUDGMENT,hawkish
MISJUDGMENTS,hawkish
MISLABEL,hawkish
MISLABELED,hawkish
MISLABELING,hawkish
MISLABELLED,hawkish
MISLABELS,hawkish
MISLEAD,hawkish
MISLEADING,hawkish
MISLEADINGLY,hawkish
MISLEADS,hawkish
MISLED,hawkish
MISMANAGE,hawkish
MISMANAGED,hawkish
MISMANAGEMENT,hawkish
MISMANAGES,hawkish
MISMANAGING,hawkish
MISMATCH,hawkish
MISMATCHED,hawkish
MISMATCHES,hawkish
MISMATCHING,hawkish
MISPLACED,hawkish
MISPRICE,hawkish
MISPRICING,hawkish
MISPRICINGS,hawkish
MISREPRESENT,hawkish
MISREPRESENTATION,hawkish
MISREPRESENTATIONS,hawkish
MISREPRESENTED,hawkish
MISREPRESENTING,hawkish
MISREPRESENTS,hawkish
MISS,hawkish
MISSED,hawkish
MISSES,hawkish
MISSTATE,hawkish
MISSTATED,hawkish
MISSTATEMENT,hawkish
MISSTATEMENTS,hawkish
MISSTATES,hawkish
MISSTATING,hawkish
MISSTEP,hawkish
MISSTEPS,hawkish
MISTAKE,hawkish
MISTAKEN,hawkish
MISTAKENLY,hawkish
MISTAKES,hawkish
MISTAKING,hawkish
MISTRIAL,hawkish
MISTRIALS,hawkish
MISUNDERSTAND,hawkish
MISUNDERSTANDING,hawkish
MISUNDERSTANDINGS,hawkish
MISUNDERSTOOD,hawkish
MISUSE,hawkish
MISUSED,hawkish
MISUSES,hawkish
MISUSING,hawkish
MONOPOLISTIC,hawkish
MONOPOLISTS,hawkish
MONOPOLIZATION,hawkish
MONOPOLIZE,hawkish
MONOPOLIZED,hawkish
MONOPOLIZES,hawkish
MONOPOLIZING,hawkish
MONOPOLY,hawkish
MORATORIA,hawkish
MORATORIUM,hawkish
MORATORIUMS,hawkish
MOTHBALLED,hawkish
MOTHBALLING,hawkish
NEARLY,hawkish
NECESSITATE,hawkish
NECESSITATED,hawkish
NECESSITATES,hawkish
NECESSITATING,hawkish
NEGATIVE,hawkish
NEGATIVELY,hawkish
NEGATIVES,hawkish
NEGLECT,hawkish
NEGLECTED,hawkish
NEGLECTFUL,hawkish
NEGLECTING,hawkish
NEGLECTS,hawkish
NEGLIGENCE,hawkish
NEGLIGENCES,hawkish
NEGLIGENT,hawkish
NEGLIGENTLY,hawkish
NONASSESSABLE,hawkish
NONATTAINMENT,hawkish
NONCANCELABLE,hawkish
NONCANCELLABLE,hawkish
NONCOMPETITIVE,hawkish
NONCOMPLIANCE,hawkish
NONCOMPLIANCES,hawkish
NONCOMPLIANT,hawkish
NONCOMPLYING,hawkish
NONCONFORMING,hawkish
NONCONFORMITIES,hawkish
NONCONFORMITY,hawkish
NONDISCLOSURE,hawkish
NONFUNCTIONAL,hawkish
NONPAYMENT,hawkish
NONPAYMENTS,hawkish
NONPERFORMANCE,hawkish
NONPERFORMANCES,hawkish
NONPERFORMING,hawkish
NONPRODUCING,hawkish
NONPRODUCTIVE,hawkish
NONRECOVERABLE,hawkish
NONRENEWAL,hawkish
NUISANCE,hawkish
NUISANCES,hawkish
NULLIFICATION,hawkish
NULLIFICATIONS,hawkish
NULLIFIED,hawkish
NULLIFIES,hawkish
NULLIFY,hawkish
NULLIFYING,hawkish
OBJECTED,hawkish
OBJECTING,hawkish
OBJECTION,hawkish
OBJECTIONABLE,hawkish
OBJECTIONABLY,hawkish
OBJECTIONS,hawkish
OBLIGATE,hawkish
OBLIGATED,hawkish
OBLIGATES,hawkish
OBLIGATING,hawkish
OBLIGATION,hawkish
OBLIGATIONS,hawkish
OBLIGATORY,hawkish
OBLIGE,hawkish
OBLIGED,hawkish
OBLIGES,hawkish
OBSCENE,hawkish
OBSCENITY,hawkish
OBSOLESCENCE,hawkish
OBSOLETE,hawkish
OBSTACLE,hawkish
OBSTACLES,hawkish
OBSTRUCT,hawkish
OBSTRUCTED,hawkish
OBSTRUCTING,hawkish
OBSTRUCTION,hawkish
OBSTRUCTIONS,hawkish
OCCASIONALLY,hawkish
OFFENCE,hawkish
OFFENCES,hawkish
OFFEND,hawkish
OFFENDED,hawkish
OFFENDER,hawkish
OFFENDERS,hawkish
OFFENDING,hawkish
OFFENDS,hawkish
OMISSION,hawkish
OMISSIONS,hawkish
OMIT,hawkish
OMITS,hawkish
OMITTED,hawkish
OMITTING,hawkish
ONEROUS,hawkish
OPPORTUNISTIC,hawkish
OPPORTUNISTICALLY,hawkish
OPPOSE,hawkish
OPPOSED,hawkish
OPPOSES,hawkish
OPPOSING,hawkish
OPPOSITION,hawkish
OPPOSITIONS,hawkish
ORDINARILY,hawkish
OUTAGE,hawkish
OUTAGES,hawkish
OUTDATED,hawkish
OUTMODED,hawkish
OVERAGE,hawkish
OVERAGES,hawkish
OVERBUILD,hawkish
OVERBUILDING,hawkish
OVERBUILDS,hawkish
OVERBUILT,hawkish
OVERBURDEN,hawkish
OVERBURDENED,hawkish
OVERBURDENING,hawkish
OVERCAPACITIES,hawkish
OVERCAPACITY,hawkish
OVERCHARGE,hawkish
OVERCHARGED,hawkish
OVERCHARGES,hawkish
OVERCHARGING,hawkish
OVERCOME,hawkish
OVERCOMES,hawkish
OVERCOMING,hawkish
OVERDUE,hawkish
OVERESTIMATE,hawkish
OVERESTIMATED,hawkish
OVERESTIMATES,hawkish
OVERESTIMATING,hawkish
OVERESTIMATION,hawkish
OVERESTIMATIONS,hawkish
OVERLOAD,hawkish
OVERLOADED,hawkish
OVERLOADING,hawkish
OVERLOADS,hawkish
OVERLOOK,hawkish
OVERLOOKED,hawkish
OVERLOOKING,hawkish
OVERLOOKS,hawkish
OVERPAID,hawkish
OVERPAYMENT,hawkish
OVERPAYMENTS,hawkish
OVERPRODUCED,hawkish
OVERPRODUCES,hawkish
OVERPRODUCING,hawkish
OVERPRODUCTION,hawkish
OVERRUN,hawkish
OVERRUNNING,hawkish
OVERRUNS,hawkish
OVERSHADOW,hawkish
OVERSHADOWED,hawkish
OVERSHADOWING,hawkish
OVERSHADOWS,hawkish
OVERSTATE,hawkish
OVERSTATED,hawkish
OVERSTATEMENT,hawkish
OVERSTATEMENTS,hawkish
OVERSTATES,hawkish
OVERSTATING,hawkish
OVERSUPPLIED,hawkish
OVERSUPPLIES,hawkish
OVERSUPPLY,hawkish
OVERSUPPLYING,hawkish
OVERTLY,hawkish
OVERTURN,hawkish
OVERTURNED,hawkish
OVERTURNING,hawkish
OVERTURNS,hawkish
OVERVALUE,hawkish
OVERVALUED,hawkish
OVERVALUING,hawkish
PANIC,hawkish
PANICS,hawkish
PENALIZE,hawkish
PENALIZED,hawkish
PENALIZES,hawkish
PENALIZING,hawkish
PENALTIES,hawkish
PENALTY,hawkish
PENDING,hawkish
PERHAPS,hawkish
PERIL,hawkish
PERILS,hawkish
PERJURY,hawkish
PERMISSIBLE,hawkish
PERMISSION,hawkish
PERMISSIONS,hawkish
PERMITTED,hawkish
PERMITTING,hawkish
PERPETRATE,hawkish
PERPETRATED,hawkish
PERPETRATES,hawkish
PERPETRATING,hawkish
PERPETRATION,hawkish
PERSIST,hawkish
PERSISTED,hawkish
PERSISTENCE,hawkish
PERSISTENT,hawkish
PERSISTENTLY,hawkish
PERSISTING,hawkish
PERSISTS,hawkish
PERVASIVE,hawkish
PERVASIVELY,hawkish
PERVASIVENESS,hawkish
PETTY,hawkish
PICKET,hawkish
PICKETED,hawkish
PICKETING,hawkish
PLAINTIFF,hawkish
PLAINTIFFS,hawkish
PLEA,hawkish
PLEAD,hawkish
PLEADED,hawkish
PLEADING,hawkish
PLEADINGS,hawkish
PLEADS,hawkish
PLEAS,hawkish
PLED,hawkish
PLEDGE,hawkish
PLEDGED,hawkish
PLEDGES,hawkish
PLEDGING,hawkish
POOR,hawkish
POORLY,hawkish
POSES,hawkish
POSING,hawkish
POSSIBILITIES,hawkish
POSSIBILITY,hawkish
POSSIBLE,hawkish
POSSIBLY,hawkish
POSTPONE,hawkish
POSTPONED,hawkish
POSTPONEMENT,hawkish
POSTPONEMENTS,hawkish
POSTPONES,hawkish
POSTPONING,hawkish
PRECAUTION,hawkish
PRECAUTIONARY,hawkish
PRECAUTIONS,hawkish
PRECIPITATED,hawkish
PRECIPITOUS,hawkish
PRECIPITOUSLY,hawkish
PRECLUDE,hawkish
PRECLUDED,hawkish
PRECLUDES,hawkish
PRECLUDING,hawkish
PRECONDITION,hawkish
PRECONDITIONS,hawkish
PREDATORY,hawkish
PREDICT,hawkish
PREDICTABILITY,hawkish
PREDICTED,hawkish
PREDICTING,hawkish
PREDICTION,hawkish
PREDICTIONS,hawkish
PREDICTIVE,hawkish
PREDICTOR,hawkish
PREDICTORS,hawkish
PREDICTS,hawkish
PREJUDICE,hawkish
PREJUDICED,hawkish
PREJUDICES,hawkish
PREJUDICIAL,hawkish
PREJUDICING,hawkish
PRELIMINARILY,hawkish
PRELIMINARY,hawkish
PREMATURE,hawkish
PREMATURELY,hawkish
PRESET,hawkish
PRESSING,hawkish
PRESUMABLY,hawkish
PRESUME,hawkish
PRESUMED,hawkish
PRESUMES,hawkish
PRESUMING,hawkish
PRESUMPTION,hawkish
PRESUMPTIONS,hawkish
PRETRIAL,hawkish
PREVENT,hawkish
PREVENTED,hawkish
PREVENTING,hawkish
PREVENTION,hawkish
PREVENTS,hawkish
PROBABILISTIC,hawkish
PROBABILITIES,hawkish
PROBABILITY,hawkish
PROBABLE,hawkish
PROBABLY,hawkish
PROBLEM,hawkish
PROBLEMATIC,hawkish
PROBLEMATICAL,hawkish
PROBLEMS,hawkish
PROHIBIT,hawkish
PROHIBITED,hawkish
PROHIBITING,hawkish
PROHIBITION,hawkish
PROHIBITIONS,hawkish
PROHIBITIVE,hawkish
PROHIBITIVELY,hawkish
PROHIBITORY,hawkish
PROHIBITS,hawkish
PROLONG,hawkish
PROLONGATION,hawkish
PROLONGATIONS,hawkish
PROLONGED,hawkish
PROLONGING,hawkish
PROLONGS,hawkish
PRONE,hawkish
PROSECUTE,hawkish
PROSECUTED,hawkish
PROSECUTES,hawkish
PROSECUTING,hawkish
PROSECUTION,hawkish
PROSECUTIONS,hawkish
PROTEST,hawkish
PROTESTED,hawkish
PROTESTER,hawkish
PROTESTERS,hawkish
PROTESTING,hawkish
PROTESTOR,hawkish
PROTESTORS,hawkish
PROTESTS,hawkish
PROTRACTED,hawkish
PROTRACTION,hawkish
PROVOKE,hawkish
PROVOKED,hawkish
PROVOKES,hawkish
PROVOKING,hawkish
PUNISHED,hawkish
PUNISHES,hawkish
PUNISHING,hawkish
PUNISHMENT,hawkish
PUNISHMENTS,hawkish
PUNITIVE,hawkish
PURPORT,hawkish
PURPORTED,hawkish
PURPORTEDLY,hawkish
PURPORTING,hawkish
PURPORTS,hawkish
QUESTION,hawkish
QUESTIONABLE,hawkish
QUESTIONABLY,hawkish
QUESTIONED,hawkish
QUESTIONING,hawkish
QUESTIONS,hawkish
QUIT,hawkish
QUITTING,hawkish
RACKETEER,hawkish
RACKETEERING,hawkish
RANDOM,hawkish
RANDOMIZE,hawkish
RANDOMIZED,hawkish
RANDOMIZES,hawkish
RANDOMIZING,hawkish
RANDOMLY,hawkish
RANDOMNESS,hawkish
RATIONALIZATION,hawkish
RATIONALIZATIONS,hawkish
RATIONALIZE,hawkish
RATIONALIZED,hawkish
RATIONALIZES,hawkish
RATIONALIZING,hawkish
REASSESS,hawkish
REASSESSED,hawkish
REASSESSES,hawkish
REASSESSING,hawkish
REASSESSMENT,hawkish
REASSESSMENTS,hawkish
REASSIGN,hawkish
REASSIGNED,hawkish
REASSIGNING,hawkish
REASSIGNMENT,hawkish
REASSIGNMENTS,hawkish
REASSIGNS,hawkish
RECALCULATE,hawkish
RECALCULATED,hawkish
RECALCULATES,hawkish
RECALCULATING,hawkish
RECALCULATION,hawkish
RECALCULATIONS,hawkish
RECALL,hawkish
RECALLED,hawkish
RECALLING,hawkish
RECALLS,hawkish
RECESSION,hawkish
RECESSIONARY,hawkish
RECESSIONS,hawkish
RECKLESS,hawkish
RECKLESSLY,hawkish
RECKLESSNESS,hawkish
RECONSIDER,hawkish
RECONSIDERED,hawkish
RECONSIDERING,hawkish
RECONSIDERS,hawkish
REDACT,hawkish
REDACTED,hawkish
REDACTING,hawkish
REDACTION,hawkish
REDACTIONS,hawkish
REDEFAULT,hawkish
REDEFAULTED,hawkish
REDEFAULTS,hawkish
REDRESS,hawkish
REDRESSED,hawkish
REDRESSES,hawkish
REDRESSING,hawkish
REEXAMINATION,hawkish
REEXAMINE,hawkish
REEXAMINING,hawkish
REFRAIN,hawkish
REFRAINING,hawkish
REFRAINS,hawkish
REFUSAL,hawkish
REFUSALS,hawkish
REFUSE,hawkish
REFUSED,hawkish
REFUSES,hawkish
REFUSING,hawkish
REINTERPRET,hawkish
REINTERPRETATION,hawkish
REINTERPRETATIONS,hawkish
REINTERPRETED,hawkish
REINTERPRETING,hawkish
REINTERPRETS,hawkish
REJECT,hawkish
REJECTED,hawkish
REJECTING,hawkish
REJECTION,hawkish
REJECTIONS,hawkish
REJECTS,hawkish
RELINQUISH,hawkish
RELINQUISHED,hawkish
RELINQUISHES,hawkish
RELINQUISHING,hawkish
RELINQUISHMENT,hawkish
RELINQUISHMENTS,hawkish
RELUCTANCE,hawkish
RELUCTANT,hawkish
RENEGOTIATE,hawkish
RENEGOTIATED,hawkish
RENEGOTIATES,hawkish
RENEGOTIATING,hawkish
RENEGOTIATION,hawkish
RENEGOTIATIONS,hawkish
RENOUNCE,hawkish
RENOUNCED,hawkish
RENOUNCEMENT,hawkish
RENOUNCEMENTS,hawkish
RENOUNCES,hawkish
RENOUNCING,hawkish
REPARATION,hawkish
REPARATIONS,hawkish
REPOSSESSED,hawkish
REPOSSESSES,hawkish
REPOSSESSING,hawkish
REPOSSESSION,hawkish
REPOSSESSIONS,hawkish
REPUDIATE,hawkish
REPUDIATED,hawkish
REPUDIATES,hawkish
REPUDIATING,hawkish
REPUDIATION,hawkish
REPUDIATIONS,hawkish
REQUIRE,hawkish
REQUIRED,hawkish
REQUIREMENT,hawkish
REQUIREMENTS,hawkish
REQUIRES,hawkish
REQUIRING,hawkish
RESIGN,hawkish
RESIGNATION,hawkish
RESIGNATIONS,hawkish
RESIGNED,hawkish
RESIGNING,hawkish
RESIGNS,hawkish
RESTATE,hawkish
RESTATED,hawkish
RESTATEMENT,hawkish
RESTATEMENTS,hawkish
RESTATES,hawkish
RESTATING,hawkish
RESTRAIN,hawkish
RESTRAINED,hawkish
RESTRAINING,hawkish
RESTRAINS,hawkish
RESTRAINT,hawkish
RESTRAINTS,hawkish
RESTRICT,hawkish
RESTRICTED,hawkish
RESTRICTING,hawkish
RESTRICTION,hawkish
RESTRICTIONS,hawkish
RESTRICTIVE,hawkish
RESTRICTIVELY,hawkish
RESTRICTIVENESS,hawkish
RESTRICTS,hawkish
RESTRUCTURE,hawkish
RESTRUCTURED,hawkish
RESTRUCTURES,hawkish
RESTRUCTURING,hawkish
RESTRUCTURINGS,hawkish
RETALIATE,hawkish
RETALIATED,hawkish
RETALIATES,hawkish
RETALIATING,hawkish
RETALIATION,hawkish
RETALIATIONS,hawkish
RETALIATORY,hawkish
RETRIBUTION,hawkish
RETRIBUTIONS,hawkish
REVISE,hawkish
REVISED,hawkish
REVOCATION,hawkish
REVOCATIONS,hawkish
REVOKE,hawkish
REVOKED,hawkish
REVOKES,hawkish
REVOKING,hawkish
RIDICULE,hawkish
RIDICULED,hawkish
RIDICULES,hawkish
RIDICULING,hawkish
RISK,hawkish
RISKED,hawkish
RISKIER,hawkish
RISKIEST,hawkish
RISKINESS,hawkish
RISKING,hawkish
RISKS,hawkish
RISKY,hawkish
ROUGHLY,hawkish
RUMORS,hawkish
SABOTAGE,hawkish
SACRIFICE,hawkish
SACRIFICED,hawkish
SACRIFICES,hawkish
SACRIFICIAL,hawkish
SACRIFICING,hawkish
SCANDALOUS,hawkish
SCANDALS,hawkish
SCRUTINIZE,hawkish
SCRUTINIZED,hawkish
SCRUTINIZES,hawkish
SCRUTINIZING,hawkish
SCRUTINY,hawkish
SECRECY,hawkish
SEEMS,hawkish
SEIZE,hawkish
SEIZED,hawkish
SEIZES,hawkish
SEIZING,hawkish
SELDOM,hawkish
SELDOMLY,hawkish
SENTENCED,hawkish
SENTENCING,hawkish
SERIOUS,hawkish
SERIOUSLY,hawkish
SERIOUSNESS,hawkish
SETBACK,hawkish
SETBACKS,hawkish
SEVER,hawkish
SEVERE,hawkish
SEVERED,hawkish
SEVERELY,hawkish
SEVERITIES,hawkish
SEVERITY,hawkish
SHARPLY,hawkish
SHOCKED,hawkish
SHORTAGE,hawkish
SHORTAGES,hawkish
SHORTFALL,hawkish
SHORTFALLS,hawkish
SHRINKAGE,hawkish
SHRINKAGES,hawkish
SHUT,hawkish
SHUTDOWN,hawkish
SHUTDOWNS,hawkish
SHUTS,hawkish
SHUTTING,hawkish
SLANDER,hawkish
SLANDERED,hawkish
SLANDEROUS,hawkish
SLANDERS,hawkish
SLIPPAGE,hawkish
SLIPPAGES,hawkish
SLOW,hawkish
SLOWDOWN,hawkish
SLOWDOWNS,hawkish
SLOWED,hawkish
SLOWER,hawkish
SLOWEST,hawkish
SLOWING,hawkish
SLOWLY,hawkish
SLOWNESS,hawkish
SLUGGISH,hawkish
SLUGGISHLY,hawkish
SLUGGISHNESS,hawkish
SOLVENCIES,hawkish
SOLVENCY,hawkish
SOMETIME,hawkish
SOMETIMES,hawkish
SOMEWHAT,hawkish
SOMEWHERE,hawkish
SPAM,hawkish
SPAMMERS,hawkish
SPAMMING,hawkish
SPECULATE,hawkish
SPECULATED,hawkish
SPECULATES,hawkish
SPECULATING,hawkish
SPECULATION,hawkish
SPECULATIONS,hawkish
SPECULATIVE,hawkish
SPECULATIVELY,hawkish
SPORADIC,hawkish
SPORADICALLY,hawkish
STAGGERING,hawkish
STAGNANT,hawkish
STAGNATE,hawkish
STAGNATED,hawkish
STAGNATES,hawkish
STAGNATING,hawkish
STAGNATION,hawkish
STANDSTILL,hawkish
STANDSTILLS,hawkish
STIPULATE,hawkish
STIPULATED,hawkish
STIPULATES,hawkish
STIPULATING,hawkish
STIPULATION,hawkish
STIPULATIONS,hawkish
STOLEN,hawkish
STOPPAGE,hawkish
STOPPAGES,hawkish
STOPPED,hawkish
STOPPING,hawkish
STOPS,hawkish
STRAIN,hawkish
STRAINED,hawkish
STRAINING,hawkish
STRAINS,hawkish
STRESS,hawkish
STRESSED,hawkish
STRESSES,hawkish
STRESSFUL,hawkish
STRESSING,hawkish
STRICT,hawkish
STRICTER,hawkish
STRICTEST,hawkish
STRICTLY,hawkish
STRINGENT,hawkish
SUBJECTED,hawkish
SUBJECTING,hawkish
SUBJECTION,hawkish
SUBPOENA,hawkish
SUBPOENAED,hawkish
SUBPOENAS,hawkish
SUBSTANDARD,hawkish
SUDDEN,hawkish
SUDDENLY,hawkish
SUE,hawkish
SUED,hawkish
SUES,hawkish
SUFFER,hawkish
SUFFERED,hawkish
SUFFERING,hawkish
SUFFERS,hawkish
SUGGEST,hawkish
SUGGESTED,hawkish
SUGGESTING,hawkish
SUGGESTS,hawkish
SUING,hawkish
SUMMONED,hawkish
SUMMONING,hawkish
SUMMONS,hawkish
SUMMONSES,hawkish
SUSCEPTIBILITY,hawkish
SUSCEPTIBLE,hawkish
SUSPECT,hawkish
SUSPECTED,hawkish
SUSPECTS,hawkish
SUSPEND,hawkish
SUSPENDED,hawkish
SUSPENDING,hawkish
SUSPENDS,hawkish
SUSPENSION,hawkish
SUSPENSIONS,hawkish
SUSPICION,hawkish
SUSPICIONS,hawkish
SUSPICIOUS,hawkish
SUSPICIOUSLY,hawkish
TAINT,hawkish
TAINTED,hawkish
TAINTING,hawkish
TAINTS,hawkish
TAMPERED,hawkish
TENDING,hawkish
TENSE,hawkish
TENTATIVE,hawkish
TENTATIVELY,hawkish
TERMINATE,hawkish
TERMINATED,hawkish
TERMINATES,hawkish
TERMINATING,hawkish
TERMINATION,hawkish
TERMINATIONS,hawkish
TESTIFY,hawkish
TESTIFYING,hawkish
THREAT,hawkish
THREATEN,hawkish
THREATENED,hawkish
THREATENING,hawkish
THREATENS,hawkish
THREATS,hawkish
TIGHTENING,hawkish
TOLERATE,hawkish
TOLERATED,hawkish
TOLERATES,hawkish
TOLERATING,hawkish
TOLERATION,hawkish
TORTUOUS,hawkish
TORTUOUSLY,hawkish
TRAGEDIES,hawkish
TRAGEDY,hawkish
TRAGIC,hawkish
TRAGICALLY,hawkish
TRAUMATIC,hawkish
TROUBLE,hawkish
TROUBLED,hawkish
TROUBLES,hawkish
TURBULENCE,hawkish
TURMOIL,hawkish
UNABLE,hawkish
UNACCEPTABLE,hawkish
UNACCEPTABLY,hawkish
UNACCOUNTED,hawkish
UNANNOUNCED,hawkish
UNANTICIPATED,hawkish
UNAPPROVED,hawkish
UNATTRACTIVE,hawkish
UNAUTHORIZED,hawkish
UNAVAILABILITY,hawkish
UNAVAILABLE,hawkish
UNAVOIDABLE,hawkish
UNAVOIDABLY,hawkish
UNAWARE,hawkish
UNCERTAIN,hawkish
UNCERTAINLY,hawkish
UNCERTAINTIES,hawkish
UNCERTAINTY,hawkish
UNCLEAR,hawkish
UNCOLLECTABLE,hawkish
UNCOLLECTED,hawkish
UNCOLLECTIBILITY,hawkish
UNCOLLECTIBLE,hawkish
UNCOLLECTIBLES,hawkish
UNCOMPETITIVE,hawkish
UNCOMPLETED,hawkish
UNCONFIRMED,hawkish
UNCONSCIONABLE,hawkish
UNCONSCIONABLY,hawkish
UNCONTROLLABLE,hawkish
UNCONTROLLABLY,hawkish
UNCONTROLLED,hawkish
UNCORRECTED,hawkish
UNCOVER,hawkish
UNCOVERED,hawkish
UNCOVERING,hawkish
UNCOVERS,hawkish
UNDECIDED,hawkish
UNDEFINED,hawkish
UNDELIVERABLE,hawkish
UNDELIVERED,hawkish
UNDERCAPITALIZED,hawkish
UNDERCUT,hawkish
UNDERCUTS,hawkish
UNDERCUTTING,hawkish
UNDERESTIMATE,hawkish
UNDERESTIMATED,hawkish
UNDERESTIMATES,hawkish
UNDERESTIMATING,hawkish
UNDERESTIMATION,hawkish
UNDERFUNDED,hawkish
UNDERINSURED,hawkish
UNDERMINE,hawkish
UNDERMINED,hawkish
UNDERMINES,hawkish
UNDERMINING,hawkish
UNDERPAID,hawkish
UNDERPAYMENT,hawkish
UNDERPAYMENTS,hawkish
UNDERPAYS,hawkish
UNDERPERFORM,hawkish
UNDERPERFORMANCE,hawkish
UNDERPERFORMED,hawkish
UNDERPERFORMING,hawkish
UNDERPERFORMS,hawkish
UNDERPRODUCED,hawkish
UNDERPRODUCTION,hawkish
UNDERREPORTING,hawkish
UNDERSTATE,hawkish
UNDERSTATED,hawkish
UNDERSTATEMENT,hawkish
UNDERSTATEMENTS,hawkish
UNDERSTATES,hawkish
UNDERSTATING,hawkish
UNDERUTILIZATION,hawkish
UNDERUTILIZED,hawkish
UNDESIGNATED,hawkish
UNDESIRABLE,hawkish
UNDESIRED,hawkish
UNDETECTABLE,hawkish
UNDETECTED,hawkish
UNDETERMINABLE,hawkish
UNDETERMINED,hawkish
UNDISCLOSED,hawkish
UNDOCUMENTED,hawkish
UNDUE,hawkish
UNDULY,hawkish
UNECONOMIC,hawkish
UNECONOMICAL,hawkish
UNECONOMICALLY,hawkish
UNEMPLOYED,hawkish
UNEMPLOYMENT,hawkish
UNETHICAL,hawkish
UNETHICALLY,hawkish
UNEXCUSED,hawkish
UNEXPECTED,hawkish
UNEXPECTEDLY,hawkish
UNFAIR,hawkish
UNFAIRLY,hawkish
UNFAMILIAR,hawkish
UNFAMILIARITY,hawkish
UNFAVORABILITY,hawkish
UNFAVORABLE,hawkish
UNFAVORABLY,hawkish
UNFAVOURABLE,hawkish
UNFEASIBLE,hawkish
UNFIT,hawkish
UNFITNESS,hawkish
UNFORECASTED,hawkish
UNFORESEEABLE,hawkish
UNFORESEEN,hawkish
UNFORSEEN,hawkish
UNFORTUNATE,hawkish
UNFORTUNATELY,hawkish
UNFOUNDED,hawkish
UNFRIENDLY,hawkish
UNFULFILLED,hawkish
UNFUNDED,hawkish
UNGUARANTEED,hawkish
UNHEDGED,hawkish
UNIDENTIFIABLE,hawkish
UNIDENTIFIED,hawkish
UNINSURED,hawkish
UNINTENDED,hawkish
UNINTENTIONAL,hawkish
UNINTENTIONALLY,hawkish
UNJUST,hawkish
UNJUSTIFIABLE,hawkish
UNJUSTIFIABLY,hawkish
UNJUSTIFIED,hawkish
UNJUSTLY,hawkish
UNKNOWING,hawkish
UNKNOWINGLY,hawkish
UNKNOWN,hawkish
UNKNOWNS,hawkish
UNLAWFUL,hawkish
UNLAWFULLY,hawkish
UNLICENSED,hawkish
UNLIQUIDATED,hawkish
UNMARKETABLE,hawkish
UNMERCHANTABLE,hawkish
UNMERITORIOUS,hawkish
UNNECESSARILY,hawkish
UNNECESSARY,hawkish
UNNEEDED,hawkish
UNOBSERVABLE,hawkish
UNOBTAINABLE,hawkish
UNOCCUPIED,hawkish
UNPAID,hawkish
UNPERFORMED,hawkish
UNPLANNED,hawkish
UNPOPULAR,hawkish
UNPREDICTABILITY,hawkish
UNPREDICTABLE,hawkish
UNPREDICTABLY,hawkish
UNPREDICTED,hawkish
UNPRODUCTIVE,hawkish
UNPROFITABILITY,hawkish
UNPROFITABLE,hawkish
UNPROVED,hawkish
UNPROVEN,hawkish
UNQUALIFIED,hawkish
UNQUANTIFIABLE,hawkish
UNQUANTIFIED,hawkish
UNREALISTIC,hawkish
UNREASONABLE,hawkish
UNREASONABLENESS,hawkish
UNREASONABLY,hawkish
UNRECEPTIVE,hawkish
UNRECONCILED,hawkish
UNRECOVERABLE,hawkish
UNRECOVERED,hawkish
UNREIMBURSED,hawkish
UNRELIABLE,hawkish
UNREMEDIED,hawkish
UNREPORTED,hawkish
UNRESOLVED,hawkish
UNREST,hawkish
UNSAFE,hawkish
UNSALABLE,hawkish
UNSALEABLE,hawkish
UNSATISFACTORY,hawkish
UNSATISFIED,hawkish
UNSAVORY,hawkish
UNSCHEDULED,hawkish
UNSEASONABLE,hawkish
UNSEASONABLY,hawkish
UNSELLABLE,hawkish
UNSETTLED,hawkish
UNSOLD,hawkish
UNSOUND,hawkish
UNSPECIFIC,hawkish
UNSPECIFIED,hawkish
UNSTABILIZED,hawkish
UNSTABLE,hawkish
UNSUBSTANTIATED,hawkish
UNSUCCESSFUL,hawkish
UNSUCCESSFULLY,hawkish
UNSUITABILITY,hawkish
UNSUITABLE,hawkish
UNSUITABLY,hawkish
UNSUITED,hawkish
UNSURE,hawkish
UNSUSPECTED,hawkish
UNSUSPECTING,hawkish
UNSUSTAINABLE,hawkish
UNTENABLE,hawkish
UNTESTED,hawkish
UNTIMELY,hawkish
UNTRUSTED,hawkish
UNTRUTH,hawkish
UNTRUTHFUL,hawkish
UNTRUTHFULLY,hawkish
UNTRUTHFULNESS,hawkish
UNTRUTHS,hawkish
UNUSABLE,hawkish
UNUSUAL,hawkish
UNUSUALLY,hawkish
UNWANTED,hawkish
UNWARRANTED,hawkish
UNWELCOME,hawkish
UNWILLING,hawkish
UNWILLINGNESS,hawkish
UNWRITTEN,hawkish
UPSET,hawkish
URGENCY,hawkish
URGENT,hawkish
USURIOUS,hawkish
USURP,hawkish
USURPED,hawkish
USURPING,hawkish
USURPS,hawkish
USURY,hawkish
VAGARIES,hawkish
VAGUE,hawkish
VAGUELY,hawkish
VAGUENESS,hawkish
VAGUENESSES,hawkish
VAGUER,hawkish
VAGUEST,hawkish
VANDALISM,hawkish
VARIABILITY,hawkish
VARIABLE,hawkish
VARIABLES,hawkish
VARIABLY,hawkish
VARIANCE,hawkish
VARIANCES,hawkish
VARIANT,hawkish
VARIANTS,hawkish
VARIATION,hawkish
VARIATIONS,hawkish
VARIED,hawkish
VARIES,hawkish
VARY,hawkish
VARYING,hawkish
VERDICT,hawkish
VERDICTS,hawkish
VETOED,hawkish
VICTIMS,hawkish
VIOLATE,hawkish
VIOLATED,hawkish
VIOLATES,hawkish
VIOLATING,hawkish
VIOLATION,hawkish
VIOLATIONS,hawkish
VIOLATIVE,hawkish
VIOLATOR,hawkish
VIOLATORS,hawkish
VIOLENCE,hawkish
VIOLENT,hawkish
VIOLENTLY,hawkish
VITIATE,hawkish
VITIATED,hawkish
VITIATES,hawkish
VITIATING,hawkish
VITIATION,hawkish
VOIDED,hawkish
VOIDING,hawkish
VOLATILE,hawkish
VOLATILITIES,hawkish
VOLATILITY,hawkish
VULNERABILITIES,hawkish
VULNERABILITY,hawkish
VULNERABLE,hawkish
VULNERABLY,hawkish
WARN,hawkish
WARNED,hawkish
WARNING,hawkish
WARNINGS,hawkish
WARNS,hawkish
WASTED,hawkish
WASTEFUL,hawkish
WASTING,hawkish
WEAK,hawkish
WEAKEN,hawkish
WEAKENED,hawkish
WEAKENING,hawkish
WEAKENS,hawkish
WEAKER,hawkish
WEAKEST,hawkish
WEAKLY,hawkish
WEAKNESS,hawkish
WEAKNESSES,hawkish
WILLFULLY,hawkish
WORRIES,hawkish
WORRY,hawkish
WORRYING,hawkish
WORSE,hawkish
WORSEN,hawkish
WORSENED,hawkish
WORSENING,hawkish
WORSENS,hawkish
WORST,hawkish
WORTHLESS,hawkish
WRITEDOWN,hawkish
WRITEDOWNS,hawkish
WRITEOFF,hawkish
WRITEOFFS,hawkish
WRONG,hawkish
WRONGDOING,hawkish
WRONGDOINGS,hawkish
WRONGFUL,hawkish
WRONGFULLY,hawkish
WRONGLY,hawkish
ABLE,dovish
ABUNDANCE,dovish
ABUNDANT,dovish
ACCLAIMED,dovish
ACCOMPLISH,dovish
ACCOMPLISHED,dovish
ACCOMPLISHES,dovish
ACCOMPLISHING,dovish
ACCOMPLISHMENT,dovish
ACCOMPLISHMENTS,dovish
ACHIEVE,dovish
ACHIEVED,dovish
ACHIEVEMENT,dovish
ACHIEVEMENTS,dovish
ACHIEVES,dovish
ACHIEVING,dovish
ADEQUATELY,dovish
ADVANCEMENT,dovish
ADVANCEMENTS,dovish
ADVANCES,dovish
ADVANCING,dovish
ADVANTAGE,dovish
ADVANTAGED,dovish
ADVANTAGEOUS,dovish
ADVANTAGEOUSLY,dovish
ADVANTAGES,dovish
ALLIANCE,dovish
ALLIANCES,dovish
ASSURE,dovish
ASSURED,dovish
ASSURES,dovish
ASSURING,dovish
ATTAIN,dovish
ATTAINED,dovish
ATTAINING,dovish
ATTAINMENT,dovish
ATTAINMENTS,dovish
ATTAINS,dovish
ATTRACTIVE,dovish
ATTRACTIVENESS,dovish
BEAUTIFUL,dovish
BEAUTIFULLY,dovish
BENEFICIAL,dovish
BENEFICIALLY,dovish
BENEFIT,dovish
BENEFITED,dovish
BENEFITING,dovish
BENEFITTED,dovish
BENEFITTING,dovish
BEST,dovish
BETTER,dovish
BOLSTERED,dovish
BOLSTERING,dovish
BOLSTERS,dovish
BOOM,dovish
BOOMING,dovish
BOOST,dovish
BOOSTED,dovish
BREAKTHROUGH,dovish
BREAKTHROUGHS,dovish
BRILLIANT,dovish
CHARITABLE,dovish
COLLABORATE,dovish
COLLABORATED,dovish
COLLABORATES,dovish
COLLABORATING,dovish
COLLABORATION,dovish
COLLABORATIONS,dovish
COLLABORATIVE,dovish
COLLABORATOR,dovish
COLLABORATORS,dovish
COMPLIMENT,dovish
COMPLIMENTARY,dovish
COMPLIMENTED,dovish
COMPLIMENTING,dovish
COMPLIMENTS,dovish
CONCLUSIVE,dovish
CONCLUSIVELY,dovish
CONDUCIVE,dovish
CONFIDENT,dovish
CONSTRUCTIVE,dovish
CONSTRUCTIVELY,dovish
COURTEOUS,dovish
CREATIVE,dovish
CREATIVELY,dovish
CREATIVENESS,dovish
CREATIVITY,dovish
DELIGHT,dovish
DELIGHTED,dovish
DELIGHTFUL,dovish
DELIGHTFULLY,dovish
DELIGHTING,dovish
DELIGHTS,dovish
DEPENDABILITY,dovish
DEPENDABLE,dovish
DESIRABLE,dovish
DESIRED,dovish
DESPITE,dovish
DESTINED,dovish
DILIGENT,dovish
DILIGENTLY,dovish
DISTINCTION,dovish
DISTINCTIONS,dovish
DISTINCTIVE,dovish
DISTINCTIVELY,dovish
DISTINCTIVENESS,dovish
DREAM,dovish
EASIER,dovish
EASILY,dovish
EASY,dovish
EFFECTIVE,dovish
EFFICIENCIES,dovish
EFFICIENCY,dovish
EFFICIENT,dovish
EFFICIENTLY,dovish
EMPOWER,dovish
EMPOWERED,dovish
EMPOWERING,dovish
EMPOWERS,dovish
ENABLE,dovish
ENABLED,dovish
ENABLES,dovish
ENABLING,dovish
ENCOURAGED,dovish
ENCOURAGEMENT,dovish
ENCOURAGES,dovish
ENCOURAGING,dovish
ENHANCE,dovish
ENHANCED,dovish
ENHANCEMENT,dovish
ENHANCEMENTS,dovish
ENHANCES,dovish
ENHANCING,dovish
ENJOY,dovish
ENJOYABLE,dovish
ENJOYABLY,dovish
ENJOYED,dovish
ENJOYING,dovish
ENJOYMENT,dovish
ENJOYS,dovish
ENTHUSIASM,dovish
ENTHUSIASTIC,dovish
ENTHUSIASTICALLY,dovish
EXCELLENCE,dovish
EXCELLENT,dovish
EXCELLING,dovish
EXCELS,dovish
EXCEPTIONAL,dovish
EXCEPTIONALLY,dovish
EXCITED,dovish
EXCITEMENT,dovish
EXCITING,dovish
EXCLUSIVE,dovish
EXCLUSIVELY,dovish
EXCLUSIVENESS,dovish
EXCLUSIVES,dovish
EXCLUSIVITY,dovish
EXEMPLARY,dovish
FANTASTIC,dovish
FAVORABLE,dovish
FAVORABLY,dovish
FAVORED,dovish
FAVORING,dovish
FAVORITE,dovish
FAVORITES,dovish
FRIENDLY,dovish
GAIN,dovish
GAINED,dovish
GAINING,dovish
GAINS,dovish
GOOD,dovish
GREAT,dovish
GREATER,dovish
GREATEST,dovish
GREATLY,dovish
GREATNESS,dovish
HAPPIEST,dovish
HAPPILY,dovish
HAPPINESS,dovish
HAPPY,dovish
HIGHEST,dovish
HONOR,dovish
HONORABLE,dovish
HONORED,dovish
HONORING,dovish
HONORS,dovish
IDEAL,dovish
IMPRESS,dovish
IMPRESSED,dovish
IMPRESSES,dovish
IMPRESSING,dovish
IMPRESSIVE,dovish
IMPRESSIVELY,dovish
IMPROVE,dovish
IMPROVED,dovish
IMPROVEMENT,dovish
IMPROVEMENTS,dovish
IMPROVES,dovish
IMPROVING,dovish
INCREDIBLE,dovish
INCREDIBLY,dovish
INFLUENTIAL,dovish
INFORMATIVE,dovish
INGENUITY,dovish
INNOVATE,dovish
INNOVATED,dovish
INNOVATES,dovish
INNOVATING,dovish
INNOVATION,dovish
INNOVATIONS,dovish
INNOVATIVE,dovish
INNOVATIVENESS,dovish
INNOVATOR,dovish
INNOVATORS,dovish
INSIGHTFUL,dovish
INSPIRATION,dovish
INSPIRATIONAL,dovish
INTEGRITY,dovish
INVENT,dovish
INVENTED,dovish
INVENTING,dovish
INVENTION,dovish
INVENTIONS,dovish
INVENTIVE,dovish
INVENTIVENESS,dovish
INVENTOR,dovish
INVENTORS,dovish
LEADERSHIP,dovish
LEADING,dovish
LOYAL,dovish
LUCRATIVE,dovish
MERITORIOUS,dovish
OPPORTUNITIES,dovish
OPPORTUNITY,dovish
OPTIMISTIC,dovish
OUTPERFORM,dovish
OUTPERFORMED,dovish
OUTPERFORMING,dovish
OUTPERFORMS,dovish
PERFECT,dovish
PERFECTED,dovish
PERFECTLY,dovish
PERFECTS,dovish
PLEASANT,dovish
PLEASANTLY,dovish
PLEASED,dovish
PLEASURE,dovish
PLENTIFUL,dovish
POPULAR,dovish
POPULARITY,dovish
POSITIVE,dovish
POSITIVELY,dovish
PREEMINENCE,dovish
PREEMINENT,dovish
PREMIER,dovish
PREMIERE,dovish
PRESTIGE,dovish
PRESTIGIOUS,dovish
PROACTIVE,dovish
PROACTIVELY,dovish
PROFICIENCY,dovish
PROFICIENT,dovish
PROFICIENTLY,dovish
PROFITABILITY,dovish
PROFITABLE,dovish
PROFITABLY,dovish
PROGRESS,dovish
PROGRESSED,dovish
PROGRESSES,dovish
PROGRESSING,dovish
PROSPERED,dovish
PROSPERING,dovish
PROSPERITY,dovish
PROSPEROUS,dovish
PROSPERS,dovish
REBOUND,dovish
REBOUNDED,dovish
REBOUNDING,dovish
RECEPTIVE,dovish
REGAIN,dovish
REGAINED,dovish
REGAINING,dovish
RESOLVE,dovish
REVOLUTIONIZE,dovish
REVOLUTIONIZED,dovish
REVOLUTIONIZES,dovish
REVOLUTIONIZING,dovish
REWARD,dovish
REWARDED,dovish
REWARDING,dovish
REWARDS,dovish
SATISFACTION,dovish
SATISFACTORILY,dovish
SATISFACTORY,dovish
SATISFIED,dovish
SATISFIES,dovish
SATISFY,dovish
SATISFYING,dovish
SMOOTH,dovish
SMOOTHING,dovish
SMOOTHLY,dovish
SMOOTHS,dovish
SOLVES,dovish
SOLVING,dovish
SPECTACULAR,dovish
SPECTACULARLY,dovish
STABILITY,dovish
STABILIZATION,dovish
STABILIZATIONS,dovish
STABILIZE,dovish
STABILIZED,dovish
STABILIZES,dovish
STABILIZING,dovish
STABLE,dovish
STRENGTH,dovish
STRENGTHEN,dovish
STRENGTHENED,dovish
STRENGTHENING,dovish
STRENGTHENS,dovish
STRENGTHS,dovish
STRONG,dovish
STRONGER,dovish
STRONGEST,dovish
SUCCEED,dovish
SUCCEEDED,dovish
SUCCEEDING,dovish
SUCCEEDS,dovish
SUCCESS,dovish
SUCCESSES,dovish
SUCCESSFUL,dovish
SUCCESSFULLY,dovish
SUPERIOR,dovish
SURPASS,dovish
SURPASSED,dovish
SURPASSES,dovish
SURPASSING,dovish
TRANSPARENCY,dovish
TREMENDOUS,dovish
TREMENDOUSLY,dovish
UNMATCHED,dovish
UNPARALLELED,dovish
UNSURPASSED,dovish
UPTURN,dovish
UPTURNS,dovish
VALUABLE,dovish
VERSATILE,dovish
VERSATILITY,dovish
VIBRANCY,dovish
VIBRANT,dovish
WIN,dovish
WINNER,dovish
WINNERS,dovish
WINNING,dovish
WORTHY,dovish
